customer_id,state,total_revenue,frequency,recency_days
f48d464a0baaea338cb25f816991ab1f,ES,6922.21,1,2682
1afc82cd60e303ef09b4ef9837c9505c,SP,4513.32,1,2673
19b32919fa1198aefc0773ee2e46e693,PE,3792.59,1,2808
3c7c62e8d38fb18a33a45db8021f2d69,PB,3406.47,1,2701
f7622098214b4634b7fe7eee269b5426,MT,3242.84,1,2736
040d94f8ba8ca26014bd6f7e8a6e0c0d,SC,3184.34,1,2659
25dbbf0c477fd4ae0880aaffbb12e8b3,SC,3184.34,1,2669
26dcb450c4b5b390e79e6d5d0f2c6535,SC,3184.34,1,2683
6152fbfc8a92ee25fd821740bd33b089,BA,3122.72,1,2726
c03dfaf5db49d8583edbb5627f92058d,SP,3076.13,1,2661
a5c69c3bf293d341b6a56a4b7307c529,SC,2960.05,1,2811
ed583a2a1eaf0dedc33af816153e8b8c,PB,2844.96,1,2705
f2c743697f9b2ff2902df23a16582d80,SC,2713.36,1,2663
f08306b95370e8d5f0d97b71229284b6,PR,2713.36,1,2677
53e644c7c57416bdaf0409e656ee8b0a,SP,2607.09,1,2736
9c5d7103954595e173781530b10d02e4,MG,2590.61,1,2814
68f692d1f39843a16d9319a7306b6b10,SP,2457.44,1,2774
2b7ae7a532ff538ce88f6bfdd2cb564c,PR,2419.2,1,2670
d791834a0555c0062e98d735083f4373,MG,2404.72,1,2695
9125dbd39c45287dfab9207f3cb15075,PR,2389.78,1,2781
24348bd43207b8fa492c929ab6cb1fb9,RS,2360.42,1,2781
6f18119032437dd6fa1c7df272d2d9e6,PR,2333.97,1,2728
d1447849bd806efd6282988355588728,SP,2325.22,1,2718
9cf0a858f5f153406bc333860eb23e22,SP,2323.25,1,2660
6b66c3c14df21f07ea7f57fc8af6517f,SP,2322.32,1,2662
06e107f212576eccb2e2adc7781c9705,SP,2267.18,1,2695
10066d6eb46dff8e73177532e722e60a,PA,2252.66,1,2681
8cb5d5e180e4dbdffdc4af261b618790,SP,2241.64,1,2792
92a24fa199710ba33bab157e838a86e7,CE,2223.12,1,2726
244c28a20f4b7a3ea164364d7a3432af,GO,2220.32,1,2767
fcc823f0ae4f596e54cd461c145dfd5d,BA,2183.6,1,2735
6d7c040dec6d2f6da6a63929bdec436d,RJ,2158.57,1,2713
462bfc136787eae6609ca5890feb3e02,RJ,2153.35,1,2794
68d91c479bafcd184deee1cce5582243,RJ,2151.29,1,2725
3b34eb193a790f18c1952eca8a964987,MT,2124.78,1,2765
e07f0f4cab25170d8b2d28cf80a38370,MG,2115.05,1,2756
f1ae10afb8ffce973dc435056dd3634c,MG,2110.57,1,2787
f800529518f024fb68b8a716cddbbfe4,TO,2094.44,1,2792
77d697d535b401291fd2a9efe2c9544b,SP,2055.84,1,2752
04889e0130acf2e7b2de087d02994ce3,PR,2048.12,1,2789
cd1822306d5e43d356c576efdc0eadf1,MG,2045.47,1,2725
591056a6022efa0e68acb35c04aa2c2e,SP,2032.0,1,2665
7b7f18d5f94e3c25bd66ec35e87383f0,RJ,2024.31,1,2795
1d38e09bf3ba5793913255c5a736c6e6,SP,2022.02,1,2754
dfabe2a9f4e2fc9e248eda9e0d80a369,SP,1992.42,1,2725
fb7c663bd0931abefc7a84181a9e7f24,RS,1989.96,1,2791
6a37a9c7d62108c3bbd5397b3b0ccd57,SP,1963.14,1,2791
068830daf2867cadbfc655e6a413388e,SP,1951.95,1,2798
727ab4449f530b9af13f40fa8e528bff,PR,1950.2,1,2685
4d175c61c1054192238fbd35a5e4dcfe,SC,1936.99,1,2726
38fc30b75b381342c67d25e2f11ccec0,CE,1925.77,1,2734
78f9a490b37c9cd175cd731e24e9b598,ES,1924.03,1,2709
7cec2ad3ecf1b10ce543161225a13a97,DF,1916.08,1,2670
638be9d39246650868db07d10456527c,SP,1915.13,1,2757
0b873e99a8f0f2b3432d1678dc3fd2a0,RS,1902.55,1,2795
0ef4273145d74465c180b6a9fbb9799b,SC,1898.6100000000001,1,2659
2353f5b23c907409f668b09d1d2fb9e9,CE,1891.63,1,2754
86be5e5905f155c3f5df8928ee78cf54,SP,1891.07,1,2749
d057951b2e010930970d111b015bc37d,GO,1861.26,1,2684
f3f7e581618408da1e8d5ebe236082b3,RS,1841.75,1,2678
1e12754604af85397680cb28482f73a6,SP,1828.41,1,2744
674a31639c206a92e7077f033dcd56b7,ES,1814.29,1,2818
c1474a24d28e0702ff76d03b5fd3bbe6,SP,1783.44,1,2806
10342b679b1e6bca244ffe405d8b3034,RJ,1759.26,1,2694
17a124500c28c0202b563d221b84062b,PR,1730.87,1,2814
9f494ea8a1d67d1e6e22813311751679,SE,1729.98,1,2795
b0f06b1979dedd3f28f8f0d5e4ad08fb,SP,1702.35,1,2669
9a0554df88040ba929121aa2f66bff47,BA,1675.71,1,2771
f6a8aa90561b6aadf46587268654ff4f,RS,1672.08,1,2782
4f24e59afa7758f83c982b1186a14ccc,SP,1672.06,1,2810
c98bc4064c2da2e8f87a2476bc07a5b0,MG,1655.6,1,2672
606f7c772e826808d23dd8c1cb343fb3,SP,1645.82,1,2808
2131f859f33715756b10efb97d873a85,DF,1644.76,1,2697
89c46cb52627885f021d66d9af2b46fb,SP,1628.07,1,2750
a2ea4194defe74e061e09d5edae0f67f,MG,1589.57,1,2722
774a93f58af283167817a7a186680553,PA,1570.21,1,2730
73a6fd83d86ec00cea2c16a45be6a8a5,PR,1550.68,1,2796
e0e7ee625cb2646f1049f7602dde6d37,SP,1528.03,1,2733
3f0b493fe107e4453cc7c9e7a8f57f29,SP,1528.03,1,2734
3d4bc7f585bc0534e4a0c00c086721b2,RJ,1525.78,1,2812
7a40171d9866d44cdeb70537d2727fc6,MG,1522.99,1,2816
ca90771e164c2fb0236f757caa80e13a,RJ,1521.75,1,2657
c330f7967c92a086239c675991cb6aa6,AL,1518.55,1,2780
2bb90453c5b070eeacd965903f376375,BA,1501.45,1,2758
98ef9188ce9357bd77f60150a935c7fb,SP,1488.59,1,2678
e52b71f689001defd2ddf659c41e7324,SP,1478.48,1,2668
4433a42a21cf55f9f413f4063c244dd4,SP,1474.76,1,2671
f6417110d62f24e1b4cf5a09b62ae4be,RJ,1439.27,1,2771
60c3b5e9a49680687f57dec245ff4878,RS,1437.64,1,2735
e4bee874d6368c127e7ca2a6fd7545ff,SP,1435.97,1,2719
250dfa98c84cdde19347af0428388a8c,SP,1429.59,1,2814
978fa5a467a746e14b62c2cbab1a261a,SP,1427.58,1,2774
a46a646a753f6ff3ddca8e7532a6889b,SP,1423.21,1,2728
4a438a83f19e019e648366017858bad5,SP,1416.95,1,2699
e1e09210e58d30df8e147c5a53eeaaf0,SP,1415.66,1,2778
b4d23b30963fc02dd0e8f2ce917b2ecc,RJ,1414.7,1,2688
09e3aaa17d44116c17b6627e5e9630d7,MG,1391.35,1,2692
ac56247052dbfac8b7453c1a558aa83f,PR,1391.28,1,2777
010be179fab38706ae5cf77170b038e3,RJ,1391.13,1,2822
92dd835c0a01f474014b0a888b5bef93,SP,1388.98,1,2688
4eed76c1aafeceac4250e202ca9b1a5a,PI,1388.68,1,2782
9913942a9bd26b840c4d19db0cbf6b89,MT,1388.3,1,2792
cc105d22219939a0d681e14ce6e38791,RJ,1367.75,1,2673
18216abe719d24c5faf04c82abdf5e31,RN,1359.47,1,2721
693d7169ea4da2b4cb918c2c9b7e290d,ES,1353.28,1,2664
dd3f1762eb601f41c5e289fa08dbc6bf,RJ,1351.44,1,2689
15c9f479d7e7aba1663ab215517f9310,MS,1342.03,1,2670
9b678f5f6f471e1282c0524ebbefa782,PA,1341.26,1,2663
fb3c17a0741fbb9e328d54374a56f2cc,SP,1327.72,1,2733
368f207cdc8f5c93a2b2a5d4cce96ba8,RJ,1316.14,1,2796
373facce3e17d33fec7df11c961c6ff1,SP,1310.95,1,2746
dcdc259ec5bacca962c1ea9ba705b4b1,PA,1301.01,1,2739
c4184e264c25f060e2022b22c098ab18,SP,1291.39,1,2664
fb30a7e74e10e5c8f5e3bb22cc03430d,SP,1281.12,1,2701
3ffc83bdd8f4ecb0752fe9c3204b5c1e,SP,1270.7,1,2729
faf4094628be1cb2e660fc9bedc2d72c,SP,1269.5,1,2730
e89521c12ed7a8a782acfd80881f3b3e,CE,1260.65,1,2667
19faaa8953bbd5166298b6f2a3f84298,AM,1259.04,1,2764
5265029daa29cc08d86b9f96cd99d03f,SC,1255.43,1,2780
841b2848b570367c3e7f73ff6ce67bb3,RJ,1247.96,1,2708
8582c9ab7a8379bdbb1836bda59b5f4a,GO,1244.12,1,2773
0977e0b93fd518fc88b277900af29e65,SP,1237.28,1,2681
25c1ced83d16f627bd5862b7f9bc6caf,SP,1221.39,1,2813
d3fa2b41958a719ae19f1b4daeed98cb,SP,1214.65,1,2702
3c7c40c039e3547fdb7a3797272ab922,PI,1205.79,1,2757
195bfa760d994681f4db21fc8ed21af5,SP,1201.55,1,2767
05d18f7033aeb69e03888511124a473e,SP,1198.89,1,2758
95507e03074813ed6495792938c27b0c,PR,1175.58,1,2782
8372eb499d7f5baf1f41b42cd6597074,SP,1173.56,1,2825
86940f0108edf822ebc008ea857d193b,SP,1162.88,1,2698
683fb9798e710428ce7304acbd9bbcaf,RS,1160.77,1,2808
4b3cff69c9076b5c9f0b5e16b5328360,MG,1157.66,1,2806
ef48ea66fb39a13e1310b36b676e29e7,SP,1152.62,1,2758
87a873789449499186421086a43f7bbf,SP,1149.83,1,2789
afef4367f50fc1faacdf6c82bd46c6e8,SP,1149.83,1,2789
d80503003ba91d9d6803f8287544782e,RJ,1147.97,1,2676
b86bfce0c7648e0d53fb1fef4929421c,RS,1147.55,1,2718
e620a9a4cdf12ab1e817c17496e9c5d7,MG,1139.17,1,2670
b7021bcc80efc910e6a0748389a5eeb9,BA,1138.39,1,2790
23f1d9792d6032bbdb97d6ae3988d21f,MT,1138.28,1,2760
e04d99995856fdb1172314dbce6e0fc8,MS,1137.56,1,2726
5358667640552c9500b4735e5f3a04a2,BA,1134.44,1,2674
7186038cf7f3f1ef5ca7a48750c00256,RS,1133.62,1,2757
94ae6e074c702c4c67321c0edbca3ca6,MT,1130.03,1,2779
1a963bd5c5e5549042046bdf3e098358,BA,1129.85,1,2759
3ce6bb309d1def44d728e2f1b9cd4c6e,MG,1129.41,1,2792
659518c00554d21bca93139f0c8fc565,SP,1126.64,1,2789
44f725846b0b0102b803444ea5bc6a9c,PR,1125.57,1,2766
425b47dea2a00770e103fca1c9b755bd,SP,1124.87,1,2749
0ad97367914ab84e094499c86ff0057f,ES,1124.79,1,2689
20604bcc9703b6f0c4101a04e249ebd5,SP,1121.42,1,2673
7deaed5d5dd5d3fa73d31d370ea7b0e8,SP,1107.96,1,2765
996e73b2a3dac4d73d1a45c1623f98b4,RJ,1096.98,1,2829
d2d62b6dfae4b69aff1be960edc53768,SP,1096.41,1,2800
3a4f1f119930e2189a86a6d228f02736,PR,1092.74,1,2783
8653c76ecb6f3c713fc5fa756a7292ae,RJ,1089.96,1,2809
479867a42c16c68bf10119d36056d485,RJ,1076.76,1,2766
cbc7af079d4caea005e49f188d9a0403,PR,1075.83,1,2829
fe8b3a40ab3d9ea1b2e38aa24a324207,RJ,1075.56,1,2738
6726c2dc9955a5617dd2144d32eb986f,SP,1070.74,1,2753
a713fa2e20a364e681de7583a9271e07,SC,1070.68,1,2780
07276d89be039ef3505f4c6f781bda37,PB,1059.25,1,2673
ce90096f130e38392654bacf265b1f58,PR,1053.84,1,2743
8aed06f4d390a477d19b1c263fb77fab,DF,1046.42,1,2804
121d975fd057bd1856669b183a42aec3,SP,1042.1,1,2717
ef8d59a019f2f85c6ccb715d0da3947c,BA,1040.6399999999999,1,2727
a6aa9543426b2f37964954cfc9ee474f,ES,1040.55,1,2730
55b27dfa87fa879dd6c7c02b905575f9,CE,1040.35,1,2806
099fee4e83ce1bfcd2315002b7a2cf47,MG,1038.9,1,2726
0d15109f485330cb77c3721039e60cdd,SP,1038.9,1,2739
3118aefef04e5e97d0e339cd75d6d775,RN,1025.71,1,2803
845a16cb8ee112013cd21ff53c8cad34,GO,1025.05,1,2677
8e29c6e9c795eda30cf7f47244720132,SP,1024.76,1,2651
a302033b7db39c0d3521b729a3a64522,RS,1024.2,1,2753
11370ea4b3f9179755b40b090ff69cc2,SP,1020.19,1,2813
4b2ef9e978a3fb2cf7ea6ca5f7792dd9,BA,1017.63,1,2808
87084f6cae9abc94b7fe9ada355137af,DF,1014.99,1,2805
3d8d9151bf2d88584bbcef2e37bac787,SC,1014.99,1,2804
d7f4f0aedcd8d6c306d8b54253e63259,SP,1014.75,1,2756
88b39890f0163934fb46680f5c6073ec,CE,1014.61,1,2810
f3721694bcec86501e4a19cf459d3b28,MG,1013.59,1,2745
13b24d45013751e69cb8764ac554a4d6,SP,1013.25,1,2675
792176f239bc0c4e2f26a7703fcd27ed,SC,1012.91,1,2820
161f3380ccb34f88074059e8cc916863,RJ,1010.8,1,2810
c600a87c893e7afd5ad653f2340e4e75,PE,1006.77,1,2782
d4d03fd95aa1755db8fda2fef2bd6f83,SP,1006.34,1,2801
4a16dfed3e9e577413c82835fe057767,RS,1005.84,1,2753
9de78fd4789fc08ad15c6aff15ce3d48,SP,1005.81,1,2808
6889c34115335ccadf584370c38907cd,SP,1002.79,1,2808
34eb10c1e6dec97a944f03fb54575c26,BA,995.6,1,2688
cf715977596afedab14869cb8d11d9e1,RR,994.77,1,2810
7120f37eddaf23118bf763914cf31fa6,PR,984.68,1,2793
0351f415e46d182dbb19fe7c7717d52f,MG,979.45,1,2712
50e215d0a467bdcbe63fe427bcff8698,PE,978.6,1,2682
31be8c287cde2933aefd80ec4b107011,SP,972.48,1,2795
64c67484fd19b32ee4c9d8f944b49a5d,MG,969.01,1,2689
e21631cf89068c1a6701da5937caceef,SP,967.67,1,2656
4c0cc747ec797ce30ecdd9efc0e0ca1b,PR,963.35,1,2751
613578dd20ddb4ec94a6aaeb3ad67dce,RS,961.96,1,2807
356d58cb9c6869d1d646195d7b2033b3,SP,961.49,1,2733
80fca6556f3be9f3dfe121d9466c5acf,RJ,960.49,1,2729
88973adbb8d9a870b3d12137c4fe6c8b,SP,957.42,1,2675
5a47f2e6f5067f6464af63ccab15f589,SP,954.24,1,2756
6ad49c06783cc69b736c128ca0b4ad49,SC,951.61,1,2719
f39fd913fb31275a65b0ef5f23988613,MG,949.62,1,2717
9d4314f6de130876aef05baaa020f0cd,RJ,947.72,1,2729
055b068aeaf56652d6467aa6b8d3fd86,CE,947.35,1,2750
7becbba5a47b3e5b4c9d09bd956f4d4f,SP,938.93,1,2810
710009a78999597c4533adc7dfa8b4ed,SP,938.78,1,2728
8d0cf47c73dcbe1d145091add47ba6c9,MG,927.87,1,2735
202751ac38938e0f517c43d3f0f83458,SC,927.28,1,2718
dd4cd9e1add310e5a0d8aa4f7fa15da4,BA,927.22,1,2721
7847f7fb1b9778b3a4d74621f9ea123a,RJ,925.38,1,2728
0505fd0a593f5eb5078c380b6761e43b,RS,923.26,1,2786
470335e39578ea51733e254558a26e62,MS,923.17,1,2798
26666e8b9d1f89876ea83c70e529812c,CE,922.84,1,2779
6ad73d2df1e18571f3ec002dc69e21b7,PI,921.27,1,2680
58c6845f76a94d9d8413b051ae4c9d46,SP,921.24,1,2676
87bbde35e6649328410a77cc82036709,MG,920.94,1,2771
bc6123686b421b9084028c34499824c4,SP,920.2,1,2773
7b5f76e0a8bfb6184268579e3b4f5811,DF,920.17,1,2786
cb6b298a2a15ea89e712248ae05dbab4,PE,918.16,1,2693
762bf1c1701f2aa392bc47c82ef8ba2c,SP,917.73,1,2801
10727469edb56e3e75ad79165deaac4a,SP,917.2,1,2779
1a0fba6c64f792517a1f8d8c88b8bbab,SP,914.05,1,2762
4469f1534888f1ea21c3be93e3bb6645,MG,913.7,1,2829
a5e8da982c56df849ca92684e6e4d9e5,RJ,913.63,1,2658
56d47d8dcdfe6ce00898e16b2df1476d,PE,913.13,1,2730
e5f657faf489a605ece3d14855b8f2c4,CE,910.2,1,2780
1c3abaa67b20a69745c59b28f18688c5,RJ,910.1,1,2778
c5eca7583f81d2c723b797c2e710f0e0,SP,909.31,1,2779
e23b113ed856cbee0875a148b8890bcf,SP,908.67,1,2774
05eb10f9b30c4ef1f4e16f679d0507b5,PR,907.86,1,2718
921fdc244d0ab2156a464cb5035518b5,SP,905.85,1,2794
1c23fa37a6dcae855a1ee2960ca1c957,SP,905.18,1,2746
abd9af16c6b85f81ac7d5eee4ecadb5a,MG,903.04,1,2740
5ccd6241cc65f50dbbc212f2ca39d71f,RS,902.03,1,2750
0d3ef975f64f9faa709568c6b48b5f97,RJ,896.24,1,2716
a5f95b21855ece6f75ed48e39bdba34c,CE,892.44,1,2726
cbfbf63b5569b8c8f5c22d37ebd777fe,SP,890.59,1,2764
315d30072434c1feda91ba8676b54a25,RJ,889.28,1,2712
997f151339e5077fe22d22b321308d2f,RS,889.15,1,2680
4ccacb86ae95c3d9da2f5ff35bafa155,MG,889.05,1,2694
d526e3825a9a2db7b54ec64abf1c57ec,RJ,887.45,1,2751
b19e123e70a2fd33a077217a1b4db0d5,MG,886.96,1,2814
284fa48d66075452dc62cb99191c19ea,SC,884.98,1,2807
a189e91674fa4a8cc4dbff954d0a4246,MG,883.58,1,2717
14c1bf6fe65bb17158b3cf732d2f1030,RJ,882.92,1,2725
0c65732c3188ecbb459118b999d18813,SP,882.0,1,2782
496b6a69dc3a20cc0ea64bea9e1328c9,RJ,881.52,1,2824
092b4a3968d596ad4eeb10b217b87cde,ES,880.8,1,2668
5ffbac5f715d934689592f398af9130a,SP,876.98,1,2779
c7f0689bb795288d7a8b5f7461de4250,SP,876.82,1,2755
d7a30a15621f7476b06e0104ffef1cfa,MG,876.24,1,2719
9cd1932f6366005d7fc2819e4b524941,SP,875.74,1,2760
f4649f301f987ad66440033b88f4e927,BA,874.67,1,2794
8a9003f36ee92e9312ee45a1280a0b7c,AL,874.42,1,2818
d0c879710eef9c59675858a82f196f39,SP,874.33,1,2706
53e8ccb24280ca4f6faa80b23d081f40,MG,873.91,1,2726
457aa2d8f32998f155e8d037e5833c89,MG,872.74,1,2722
f034ceb6936919a215962d7a61080943,RJ,872.52,1,2731
774e66e7cd6a8969c433dc0961ebce0e,DF,872.52,1,2727
6cc3e8cd4f55ed114d0a4625ac8e61c8,PB,872.43,1,2715
d1ec48f722227f712bd7c376e194dcc2,PR,870.35,1,2796
6260e99309fefdfaef12d0ef8fe82e77,BA,870.11,1,2736
d9543151e0caf50bc548bc9e1bac9f60,SP,869.16,1,2712
45d8641400d049a751a1d954a4cff0a2,SP,868.93,1,2803
f53bc3b088919787f72a0d8492ed679c,SP,868.93,1,2789
55eb63ec4c4a5e4146da6ff2ab13f62c,SC,868.12,1,2707
bfff9bd5326ab677cf86986235912397,PA,867.95,1,2815
2e03d2a2b5ffc88134384bd40c74d63e,SP,866.36,1,2787
d103375981626bdaa9778b0897ee405d,BA,865.78,1,2678
2b468844813abceb44b6cd3cc7dc6b81,PB,865.38,1,2726
1a87b8517b7d31373b50396eb15cb445,RJ,865.01,1,2709
170b45af48b6abcfa4e0bede1e10a78a,MS,864.84,1,2682
c1d8293d24b7d25f4013a6f416e02850,MA,862.05,1,2771
d7d1465f1de475b3d507ab913951fb3c,PI,861.24,1,2696
341babf15f52e484fe4767376cdce1f6,PE,859.71,1,2710
987453d06d3ab59975fa08222c80c5f5,SP,858.65,1,2691
fca768505d33bd3a5565d51851b3d5ad,SP,858.65,1,2667
69572b6a8713a15e9f1fa80b1620daf4,SP,858.31,1,2759
6bd5a6c074fd0ded0d12ecb0d5ea4da2,SP,857.97,1,2810
0a89509ed51bf4b266a89f0dde0fa883,GO,852.68,1,2752
27804bad8cee21a69133c3f2535c792a,PB,844.82,1,2695
bee372538e9a8298215a97ea9bc0f520,BA,844.64,1,2817
f5e5fe72f9d970fc90546f2054e92c85,PR,842.31,1,2822
6a5c936a909849dc0470967e01a7177e,SP,842.14,1,2780
26af186afd6fa5b945eb9b0b3a0379c2,RS,841.99,1,2815
367fd22f1e994de87cf447d29c167a1f,PA,841.23,1,2752
9bc3d80a9c929e0de1aba110d5f7bbab,RJ,839.61,1,2743
58411c0028a9921d0e283e69ac0e3076,SP,839.58,1,2668
9a4c2301f22f861dfc57e361eaf98b99,SP,838.32,1,2749
3e64ceeab7ec34164cc937c1b444c97d,RN,837.31,1,2689
1531106e1c467cea04c233e54a383098,SP,828.08,1,2758
162b229af6f23334ecdc569ee3a84640,SP,828.08,1,2813
5147a6bf08c43e10cf8631cdcd0825b6,MG,827.1,1,2737
dac61d4a2d58258d6d176306621ced20,AL,826.99,1,2758
153de0dfaa218eb8a6ffcc4bd5cd0f65,BA,826.42,1,2693
7043701548d462c834782d596ac13466,BA,822.78,1,2767
0706bd15777b939c99aa344ccb34fbb1,SP,822.16,1,2662
0eb44e1c1af5c72ed712162d28dc13f1,ES,819.47,1,2770
62f5440f6d93653b45c159042e238876,RJ,819.4,1,2789
4a4da2516f325e16bf8f117f71c49679,PR,818.4,1,2809
47ef4aa19856c707b7ecf4e1d6983ba9,GO,818.4,1,2763
cc0375db490f28340c99213435819839,PA,818.12,1,2788
a359c4f0182f023d07b15adc33efcf57,SC,817.08,1,2692
16f1aa8717863e1ca3f2b26a20dc577f,PR,816.84,1,2754
a7c105e27ad87e9c6c3f324645800bf5,PE,814.37,1,2685
aadba4edfc93de05c1142e39db3eedbc,SP,813.44,1,2768
a840a8a473510b964b751ccbc85d5988,RJ,813.33,1,2725
d49fccf7ac42a194ce342be56b2b10b0,SP,813.33,1,2723
20704243c0427b370d6def78ecfca2da,MG,811.94,1,2716
9050371aaf6e57515b2583acd99c9bb6,MG,808.87,1,2703
1db2b65fe180603deddda6476084b52f,SP,807.2,1,2740
65d9213dfa004c17dc126503e106e4a3,MA,804.96,1,2669
1b985d3713dd6d3170040e3d0aaf8cc9,SC,804.72,1,2760
c9f60908f2a9d84ff48f4650386eca94,SP,803.04,1,2802
a55b27e45a3868d10b0f57ca643c25dc,PE,801.49,1,2801
45d34e3117437b0eea2c3f283622b12a,SP,798.53,1,2683
77a6136f49bac0c337eb24e043f624b4,PE,797.38,1,2724
f79c9ce96b5c0d7c708917616a0ba2fe,MG,795.61,1,2753
5260f456ae402e7bd7b16055e9a4214d,SP,793.09,1,2828
62a8b4a0d10a8fa0f5c34059b7758859,SC,792.17,1,2656
cb3f24783eb4c4a37cfd6e35b41f3e4c,SP,789.55,1,2803
0a4fa9d3cf031a8a4cdf08879cdd74c5,SP,788.53,1,2671
9f9dd42dbc71b9e08cba4e61ea7c28b2,SP,788.53,1,2713
9716fb9e3002825717c2fd41b423be17,RJ,788.23,1,2752
8ccd46cc8be33674f7a7877cba04c34e,MG,787.53,1,2829
3e35e35a82de3fc574900adca713dff2,BA,785.72,1,2726
96a3ccc2b8a86795e0dd98dd58e80d82,PB,784.9,1,2677
fc5795f8f743ecd3ccc0f4d89a50438a,RJ,782.19,1,2676
f1d21698569ab0dc563fcebb25491855,CE,779.77,1,2798
94d7782cb0c66411c4500df77bb6e3f1,SP,777.68,1,2746
0adb885db398cb59b0bf5f19f8766205,CE,776.84,1,2708
03418d9b571e1f02f974011713dd2c38,SP,776.83,1,2761
f0f671d4034e98cdf20f0c452d6db02b,SP,775.98,1,2656
612b779c8394301bc22771a63e4e7a0a,SP,773.03,1,2765
8bdc70f24d1f362c1f43a1e1936c62f2,BA,771.17,1,2689
8d73e655c88b5d3fdd1f25b2aec2cf1b,PR,769.08,1,2789
8e3b1e818d6a515b76ab1d9aaac8d195,SP,768.62,1,2809
bb465a223e03add1dea0f9b32822f59c,SP,767.69,1,2799
ff58662c328f81d3ee549c9caa942f39,BA,765.84,1,2711
facdebe2c7dd497ca57b102f97cf8dd3,MG,765.76,1,2746
447e4628e73ca8c7d2ec808ea4e366f6,SP,764.92,1,2811
5d40512265ba0d0674b70be65b892a1f,MG,764.12,1,2782
b2288e8bd8bf77628963aa8a0a7790c9,MG,762.61,1,2734
dd502b57abd7ac93f33959fd9cc88348,SP,762.14,1,2787
b70315bd0a585fa18bb1b6a7ce8fac3b,PA,761.53,1,2825
800e3b05cc40f396118128d96927b805,SP,758.32,1,2675
d961544083cc8837794f0fe258f812e0,MT,758.26,1,2745
2d7829de3fec217b93e903b0d7de423a,RJ,758.24,1,2725
c903f7a5a846c6117e671107d202286c,SP,757.42,1,2746
83af78feee85c5d2545ebd143de193f4,RJ,756.63,1,2753
4099418e7cdb9ce6b7fb765b203bbd4b,RS,755.92,1,2766
74d12506558a6bbbde586458f73d328e,BA,754.81,1,2754
3f0a59c87129e3089fc4099028aac4aa,PA,754.27,1,2684
319481c968caf99d5daa782270571d51,PE,754.16,1,2676
898d5e5238863a03c7e476003490f40c,CE,754.15,1,2779
20a92c393edb6c08801eef97295257f7,PE,752.21,1,2679
3776a22e0579b156f6c7664e0a9b640d,SP,751.17,1,2653
2277d479ba033b5878e10616e0cda399,RJ,750.21,1,2711
5e65b0c78a0bb8cfda4aaad93bb78d1e,MG,748.34,1,2752
ff78b46a7600e28f95a8f1d690761213,RJ,745.3,1,2774
a644fc187f3195dc7a9d70db929a3d9d,SP,745.29,1,2755
0793d48afb00826267d39338071213d1,SP,742.85,1,2669
af813d7cecebcc076139351b95e7d289,SC,741.73,1,2754
a215ee5514ab937a137a58f476f4ec71,SP,741.33,1,2682
fe02528abe9cf5b73ededc4a240acc9d,SP,741.1,1,2728
a271788c6bad8633d39fac1fb388f677,SP,740.4,1,2656
89ce5d185f524e19ab34c90e6739aa7a,SP,739.34,1,2707
aec1172260219ca0dff7c01693a99456,SP,738.91,1,2790
e8cf372c9434cdafa7390cf016302d74,SP,738.62,1,2736
696bb5fa97564f4cbb50bf3c9bed95b8,CE,737.85,1,2814
f9b4364d72fa2633b5eaaf6626e19cd9,SP,735.47,1,2766
8cbccdc86fcba81b6a46ff57e594e428,SP,733.5,1,2823
8c6f09183a718cad684898dcaddc583e,SC,730.08,1,2689
89639b2f91a92639d907b9127c6023c7,RN,726.82,1,2799
c1e431000b601bb3652ed7f5be537ee3,CE,722.8,1,2695
04f6954a5161ce3f16f1ad61a4344bab,PR,721.99,1,2670
fdd0876705d2f479feeb936cd9cad782,MG,721.74,1,2677
2c668eeb3d8ed0e8ee4f2953cfe7eaf8,SP,721.06,1,2772
378e7272edded57dcae0954307e1fc3b,PR,720.77,1,2823
9c55979e022c8dc16611eed6a1c61a97,MG,719.74,1,2740
6576f2b9e987bdbdae321940fdbcc296,RJ,718.99,1,2712
843a771c6235fdb0a3003a61633ff6ce,MG,717.61,1,2722
70a9efc5396b189e1992166fbe612bde,SP,716.33,1,2793
4d4542d32f3637ffee13ca9ccb63d9de,BA,714.53,1,2813
3366fb066ed37d6ed3d2156d0cf1af20,MA,714.23,1,2673
bf84db1217d83f8ac1838d375b7784f3,SP,712.91,1,2748
c5c43d14a781c58ed1fdac7c9652f18f,SP,712.9,1,2648
50474ea7574ee03f95852dcba23a5639,RJ,712.89,1,2657
d9e9b54e6283adbb56b08b7ff2859ce6,SP,711.74,1,2787
f94c9d68a66760b7e46248dec580e423,RS,710.34,1,2751
c3539d3d4dfb2fe3b6de4bb8f277e989,SP,707.76,1,2766
b3927569e0d789c9d5239fbdbaaed7ad,RR,707.72,1,2699
3f06ef7f5b8c9a1dd71b3d55a7e7b420,BA,707.16,1,2709
a820146409b46b535505aff7d58f3ffc,SP,705.0,1,2688
72ad3b059873841f4e0cc95d7eb93de2,RJ,703.81,1,2761
e3e47ad0e26636dadc729691ce8b5e86,SP,703.06,1,2659
4e5570ae69c1badaab290766540ed0af,MG,701.85,1,2675
c849ace72771155d3ce3a8aabbabfff9,SP,701.66,1,2761
43d906d27e14ab387350f31222f9a3a4,SP,699.94,1,2721
c0072e03c956b815b7ec125329939574,SP,698.85,1,2674
8420c67c3e79c468234b1d79a15c4d6d,PE,696.63,1,2823
87098d76b83db407855da8e9d303f041,MG,696.61,1,2823
517309570c755ca7336c759ad78c6919,MG,695.59,1,2808
628dc39381786ac5f638abd41f96f35e,MS,694.04,1,2711
11529689a3fdf79b53cf853daf570b16,SP,693.59,1,2745
7f8aa5f321fc28ae90ee6a38cd6e3150,BA,692.94,1,2668
836507d096fb2a93e1ecd7fcc252998e,MT,692.59,1,2719
9885ce55720b7a76b140a5ed53480d74,SP,692.22,1,2779
37407068652762ec1079dfc51d332e87,SP,689.78,1,2688
f066138977b82fde31c0fa4c67c6600f,PR,688.25,1,2780
2d48c2c84b9087df5df0815193fa1ed6,PR,688.24,1,2787
ad364862328f1b3bf6c9cedbd9f4ab80,GO,686.1,1,2787
fe5e35510062d441ad985125ca9fecf7,SP,685.88,1,2661
cc6960815e33428cd2babc69fc7412bb,MG,684.45,1,2787
a42fce0a9fe2e8ba2f7b2b0dbaa4b626,BA,682.98,1,2681
02d8426ded4654ed60b46ddd6d1a4f8c,RJ,682.14,1,2767
7fc0e7dcd8f29cc5285c7f4981c8fae7,MG,681.46,1,2810
446178189afff5d8bc533ad62ccde8e4,SP,680.75,1,2670
2b6d1919922116d56f250fe6316bb9dc,DF,679.04,1,2764
c7f2cac5bd5e577cc6b72a253ee7d5b7,PR,678.45,1,2735
45919ce8424f0a7c9d630e5c18f66524,DF,676.8,1,2820
f134e43f36bf18609624f3e587b3b328,MG,675.75,1,2670
1c147c7a4229fc41feca9e5f688b5871,BA,674.82,1,2658
5c78528de7bc16285f19af96fce88f02,SP,674.7,1,2665
5f0f9d089923434ed36bfd4e2bf8a213,SP,674.2,1,2829
9de9dcccd336d99f63eb24c980e60c78,SP,669.93,1,2809
bf325052e878a2d9fa615ccb6c53e3b6,SP,669.0,1,2756
38f0e43b7e69e8aaad522666b7cc38c9,SP,666.45,1,2774
fbbd3e227d94fedc7c8c51a381bb8e54,AL,665.44,1,2676
1a0760621f55a295a7603016d0b559af,SP,664.83,1,2686
7d3fa362783fe9c69627a0144ae78ab1,DF,664.76,1,2704
16be3ab0d37467d1f96d6fc30613ee57,SP,664.43,1,2691
3406ba91b8af6a841c0b7d48ceb5f752,SP,661.43,1,2766
5951a1097ccd1351906878cc59d9f28f,SP,660.41,1,2765
b88a511344b8b49a02bca030ace61ef6,RJ,660.4,1,2665
0e64243e3c9e75223f747566587f40dd,RS,657.56,1,2750
ef358fa041f1f7f202083690ddef54cc,MT,657.05,1,2818
cb31a825fe443be3c532d58371f1bc45,SC,656.89,1,2781
103d5d5fbfef3c9347a68786a840be96,SP,656.78,1,2797
69ad55d4bfffc89d50f84aa4e3648d5e,RS,653.72,1,2823
dda2128bdf8203aac0d2b4d142956a2a,SP,651.05,1,2700
01f619b964e6c75d7a6e529951848001,MG,650.65,1,2768
8bceb21c15bad608c6606d297ee46d8c,SP,649.86,1,2718
0b921366e6cdd4a5fa81782d1e9e2de4,SP,649.86,1,2701
719f6e6129a784bbc01b1267fe488547,SP,648.77,1,2672
f5219627819a30474a6ef14e1598e7f4,SP,647.77,1,2726
2b780e5c520679289485e7d0029203f9,MG,646.48,1,2667
2940ece501baa1342d450993f3f20a94,SP,645.8,1,2656
b64106d2d4647c03dc63123823b8da83,BA,645.26,1,2727
0e412c4ec24391b80003616b950bd7ed,RJ,644.54,1,2769
956346db615f7adb9ea991c5e4648c55,SC,644.45,1,2719
75f17f6f2c43a63ba8fc901bb00ba301,AL,643.89,1,2681
e45faa95f70de28f25dcf2ce74f64339,PI,643.33,1,2719
636fa509660dfc8277a18ef0e7c4a68a,RJ,643.19,1,2816
5a2e937ebdd78eaa8cac5dc67b8b3a42,CE,640.89,1,2765
ca7f53448a3e7c9fe86f2aff9932a39b,PB,639.6,1,2801
657257c1377038d391004bf7aca86b79,DF,639.43,1,2668
c9a80971444e9a7b61d645c6ff00d42a,SP,639.34,1,2737
b21f8a9bf3489e80f6a40bfc93da853c,SP,637.55,1,2747
ad396c3affc7d4d16f45dd6d39137080,RS,636.31,1,2789
547d7962c21b9a177226c430300019ab,PA,635.92,1,2823
14b6f4189d383785662ff6bf3a9c32e3,SP,634.91,1,2684
2af7da42a03f0b164992f335a100ab18,SP,633.7,1,2822
c9dc6fff8500f3735822d5356bcb0e1b,SP,631.91,1,2685
fc17baf4dcd77a8e52ccf15b42f82c2e,RJ,631.8,1,2754
56535b8fdcf51ee5d387b24cfc71e5aa,PI,630.44,1,2732
5d3a8bfe360fccb31768010c5a8910b8,SP,630.28,1,2722
64c186d30231c7d4c0c20760bdcb092d,RS,630.09,1,2753
74b4b073e2a0af2e70dcc84f7fff397a,SC,629.27,1,2822
df646960391593c3f41cd448d84800c7,SP,629.17,1,2655
33eb32111055ee9894f0ac5cedc0a02f,PR,628.86,1,2701
2b00846182b41fda871e547a527e5a53,SP,627.65,1,2782
672341d53a98728f79fb5b46a0fe859e,SP,627.54,1,2667
48769b9c90de6b97531d328801b39dfc,SP,626.68,1,2754
14cfb847ede5c34c45673456203da884,SP,626.68,1,2756
3f947876eeaf431cc48e9751af9c6ed8,PI,625.86,1,2793
1dbb9f7a4861e11d0bd9c1a69c6c9c93,RS,625.78,1,2687
c48d4e4180ccba3ea9e4acd586387e00,RR,624.84,1,2823
57faf08fbe5cabf31844e466b478108f,SE,623.7,1,2724
128899de758f142b0ee99a055e863476,SC,622.28,1,2679
b9a2c2d0d3511ae357c7604258784a37,SP,622.28,1,2804
9ec7033b5e74a016be27ba7e31905e7b,RS,621.29,1,2705
da0d4d9bc4bb9a14e826417ca7659005,SP,618.54,1,2715
8eed04f8cc4675d5a3ab5ffc7b9c3d44,RJ,618.29,1,2755
46b1f2eb370aa6d44b1c39e748eb0510,DF,618.07,1,2784
ba796e3142fdd4d6d4ed3b32b4838adb,RS,617.84,1,2789
62c278822580d321ae9a7853e184eb5f,MG,617.59,1,2764
3df8e3229e923e35a2216ec28ced8def,RJ,616.94,1,2824
31cb01969dec191ae2ee186df385669d,SP,616.55,1,2757
0d254ca5e31c93f075a64202bb785bd9,BA,616.5,1,2663
607076db4abb025fe26f77819db19a6b,SP,616.5,1,2713
b7b4d19acefd69c62d58215923216f2a,SP,614.45,1,2793
21de634855f444443723e6c8b224ae69,SP,614.21,1,2778
f038ed08b8c69afe5c0ca28ef6c5325f,PR,614.02,1,2729
0cf598c859665ba5b58f27857d26f5e8,SP,613.84,1,2712
a5224bdc7685fd39cd7a23404415493d,SP,613.25,1,2754
251edc5a4d2b38f123ae7c16b6dff017,SP,612.54,1,2764
d56372b0f0e8e6cf6c5f248a6d976d23,SP,612.01,1,2826
c5c064df6a4c428df004ad4759092dcb,SP,610.96,1,2806
1598b6d820a0d38b815e6643f972d02f,MG,610.92,1,2664
86042c8472794b41d03cfe051f3bd9de,MG,610.92,1,2661
1b8ede5a4791e27daf584a5ec611f7d7,SC,609.66,1,2813
fcc5083a07953b321f80e039e3c4c2a1,PA,608.67,1,2802
f07f0809fb48849ea645fcadc72e4ab2,SP,606.57,1,2767
de4c2b462c44197b26b6e596865da44c,PB,606.46,1,2752
f67d6771a9719cab1c7e5630e488ffd0,RJ,606.04,1,2770
a03432ab233435f6c640fd5cc7ef3072,PE,605.82,1,2806
55a365cf4d82f1b6e044a0da88b681a1,RJ,604.76,1,2779
f30c0c7f51b2c606e9322117d57acba7,PA,602.38,1,2675
b174fb91c364d103fdbe5b9ccd95a991,SP,601.19,1,2828
003bc8d06ebed9d146eb9f100d0a89ae,CE,600.04,1,2822
9df54e366988cfc2cebe295b76ca03e1,ES,599.3,1,2813
d123e124664159a19da41685ea47a13a,RS,598.95,1,2820
6a6235b58e3f03afd459bde7580a5ca0,MG,598.93,1,2795
b84999d47cecf126835a23650ee4ecb8,DF,598.15,1,2657
cf7614159a1d334ae8f56edc46ca3e6b,SP,597.14,1,2816
4e6013979e8f7efcbbdeda79d0acb346,SP,596.86,1,2766
12d274b678306cdeadad69c63c2f4d2f,RS,596.64,1,2671
e0ae8a3a141d851bc25a2034dd966792,SP,596.62,1,2714
9f3b1b02cab2d6e609b3991f5cf2c203,SP,596.21,1,2732
b6e12b51dee3f72d5843abc004bc833b,SP,595.49,1,2765
19d2fe3e9e67da50d9f93720a2b768e6,RJ,595.44,1,2722
cb7e8cd5140cc150773cdc7f06bb737c,MT,594.69,1,2817
e21675448953cc2578dbcb8dab0b0c57,SP,594.23,1,2768
c1d73d8388eab6321d6346ec5571cad4,RN,592.88,1,2679
9151b134d8f0f1b7b46d3c9003ad599f,MG,591.87,1,2816
e589a8bbf2391c4a76e74041c646dec8,RS,591.54,1,2751
075e190ab1296f43d2984ddca2f8adec,RN,591.36,1,2719
11f20336bf8c6e71de9a6bd7171bd491,SP,591.0,1,2798
e3312db97d85d35a74e17ac783bff72a,SP,590.9,1,2779
94f050fb387af0b4c3a6780278db299e,SC,590.36,1,2802
1af930e1051134b38027592f0890b19c,MG,590.05,1,2799
c98a7b0279f19defb3869b3ec67bd1a8,SP,589.92,1,2783
ebc3b08c677f9b7b302982773fae3dbf,MG,588.14,1,2673
6964f3f60ad8c5ff9e3ff42d8747fbe3,SP,588.06,1,2718
99dc935b447df77a17d721fbede39ef4,SP,587.5,1,2789
02181664d4e1d58da55ec4e8e1185eda,SP,586.1,1,2728
c2f181778a12039532d79460d4ba59e2,RO,585.95,1,2736
7f21001fb8e182928c5d52bb6e9fd3c7,SP,584.42,1,2802
d29bf63857a4ba09729fdea095e6da9a,GO,584.33,1,2684
cf4ac5bebc177cc2f3accbcd7e12bd50,GO,584.33,1,2658
cf0b077259962737e33cc1ac00e82769,PE,584.08,1,2681
455d0df20ea3cac0d66ed7609a01b80f,GO,582.32,1,2673
023fafd700dff9fcc64d28e2defe98b9,SP,581.25,1,2793
0d05af7e5a21aa81bdc60f6cb6ae91cf,RJ,580.3,1,2750
dcacf0ed77cacee2a236ed1c834f4fcc,MG,579.93,1,2772
e9a600a9582d96365e2d57f4e2f6533a,SP,579.0,1,2746
4ce8e60d4a40ea780f8db855b13eb589,MG,578.79,1,2813
6e2ebb56f67a1ddbcdab734d89a0b3e6,GO,578.78,1,2761
020c87503e1eeb262f17c9e7c0b556b5,SP,576.88,1,2664
1cd94d9438e7e24ac46fe5c1b90b38d7,PE,575.44,1,2756
7611c3b8e884af2035406accca147b09,RJ,573.78,1,2810
b64ea29d329feb666e14bcc1d10e59da,SP,573.56,1,2724
052de1fe665ac4765f9f00a663057442,RJ,571.95,1,2665
ab7cdde52066bfd89ad0d6219b6a5a0c,SP,571.85,1,2687
8a71b1384d72c9f217bc6754e243714f,SP,571.85,1,2687
3b874b39bd08789334887fe3a96619af,PR,571.73,1,2797
03440934dd266ec0b356eed6e0191612,MG,571.73,1,2795
4b1e4c6aa9b00cc930f4ef5f7b622ba2,PE,571.48,1,2828
ae1dc7e4bcf38cb45707bbb5d7e17242,MG,570.94,1,2686
25d0a19994db670da25c2a23de8466f0,RJ,569.82,1,2737
4c5fca77428fad7b13c10da02622db4c,DF,568.51,1,2674
b339abac3ae25f5b2b4f46d64ae42464,PE,568.05,1,2825
ea674b857582bdf75d6a2cf08df648cc,PR,567.57,1,2667
480dc46515697aa029be23aca93a58a8,SP,567.52,1,2772
ada1842eb284e3cfe2de8e97bd056ea1,MG,567.22,1,2793
0aa02a8c623a27ee600a55779391bdea,MG,567.22,1,2789
078770bdd7ae21c5766a84d4cc70d135,SP,566.79,1,2654
da5982cf1739b87bf01693678d31cdb3,DF,566.69,1,2820
0a4ab446b538fb896f729d901199c83d,SP,566.41,1,2681
02060b47874e560f104dad93ae22e6f1,PE,566.4,1,2683
f17604f3f89e57c7ed3df37759b9c8ff,MG,566.09,1,2693
eb8ae179d7fc6dd795e9a3ca6be928fc,SP,565.5,1,2687
cf56bdf905c1e3b759e4c0fd0ec64037,SP,563.33,1,2747
d2cf1eae9394fb594641b0cbdcf2e337,RJ,561.78,1,2659
7fc561f7c9d3ae25888cce9daed1d9c9,PA,561.68,1,2702
78c6ca3d7665d9763e3b7b13de57ddc5,MT,561.66,1,2708
c77dedc3c3a28926c79150de11a1d2f0,MG,561.64,1,2657
9f60e945011f3dfd9ce6d82a939cf93f,MG,561.53,1,2669
f1648e7bf1ba2d3af6dc6bf4e009b3fa,SP,561.15,1,2823
0fa5c9cb31322dbe498b9e2fb4ee05e2,SP,560.41,1,2759
4be3b1cf113336d33a890541de5f892b,SP,559.06,1,2698
e6136cd145718878e3cee93987ecbfda,PR,558.62,1,2678
2487a1f2ca00d0bbdd2b768b7407d75b,SP,556.69,1,2676
b480ab3ee3f6e17d076f192578b9fab0,SP,556.42,1,2656
0894c4cd09f3242122ce353289132c7e,BA,556.24,1,2828
1aac2b5adf8aec2c00fe67d06aa8ebc2,SP,556.22,1,2821
6f5d085fa90e41ad46b2f5623426febe,SP,555.67,1,2771
5291ca075766f28a7e3caf211c8b69bc,MG,555.32,1,2789
a1128c70aedf47e5c381b6127f8aeed5,RJ,555.32,1,2814
9a5877f8f6e46206edde862c4e29839e,MG,555.32,1,2821
73d9b153e7d371a64270388b832f3ae4,PE,554.94,1,2682
9a4900710ff76d73cb3a0d152e73adf0,RS,554.4,1,2828
7b514dbab8ef621b561b03831b31f9e6,SP,554.4,1,2826
d76fd8ce78bd4ae0507c3e9d32c07f5b,PR,554.4,1,2827
e5080a949c5c6925aa8b54b3f72bd8ba,SP,554.35,1,2701
f14ce63206ed46c639e48863c0789820,MG,553.72,1,2711
2475746f4e558c18ec6865adb7dab746,MG,553.53,1,2676
26b4fba1498f6b818ce6074cd08b586a,RS,553.38,1,2668
d3f76c1e8931fc6ee2d5668ad9fa7c36,SP,551.52,1,2759
a510a0fa7b3c19307ea7eb8832e5829e,SP,551.49,1,2818
781db10a11a21cbfc43467e1104341d3,RJ,551.15,1,2754
5793f678892bf48b7d7065fd9e0c7d7f,PA,550.83,1,2694
55bb09068c9313d8ebc7a9fcac595e42,SP,550.53,1,2732
cb2dab511d7694847187ce7efa1343c6,SP,550.51,1,2758
3bbe55ec205026d44f2a0ce1059f6e5a,PE,550.26,1,2754
d88ce61774a12cc1525c4679797dc2be,SP,549.7,1,2674
caf4f7415f1dcefc703eea9c86b42951,SP,549.7,1,2666
4f3ada4edfb7f58e81325c5e59f1eab0,SP,549.7,1,2671
6baa5d0b60503b34549d866964173e16,RJ,549.47,1,2778
4282ae54c83a5c20bc9b0c199964be41,BA,548.42,1,2824
6f71921817fd1f04aa328382f160d42e,CE,548.15,1,2716
3b6ab7020a5ceb2b318ac3db42eebabe,MG,547.89,1,2677
1191179e28fa9807cd21f14b5bbb22e2,RJ,547.58,1,2733
2441083db7fffe0d6cff5a89a55fcd76,SC,546.87,1,2818
ac6f5fe1ba2cbe43820cf92b12fa598e,SP,546.55,1,2663
d87b280bf2fbaf934442f9e05dfbfc94,PR,545.9,1,2657
bcd9f9f62adf6abf013f578204bf83a8,MG,545.47,1,2688
45742477c326bf68df61971f1b7792c3,BA,545.24,1,2801
f9307a868d628f108b5f304e4a6a4e12,SP,545.14,1,2752
b9374bfb8d4215e1fc67d31d2be24191,AM,545.08,1,2826
9bd92695f99895ea3782608dea8cbda7,DF,544.41,1,2728
67103ece896ea12c89ef860d152ea9a8,SP,543.59,1,2756
e4dff965f4c79eab64e4865936e2dfdc,GO,543.29,1,2723
5dd43f00d95ca055b4027421fca85b83,MG,542.84,1,2752
8c3c65fe9b99f72cf45b51959a335c0e,SP,542.66,1,2793
d95ca02ab50105ccce682bdf9ffdc3b4,GO,540.76,1,2682
6ae9cb4e2e02cb4f01f7a3c6edff58aa,MG,539.71,1,2693
a8b55141d82d0f3be057b4afaaa97625,SP,538.54,1,2795
1137d475838377849d917c784c1f21ad,SP,538.47,1,2808
077df306cf5b17588bc5bf9a56e0c088,SP,537.18,1,2785
1e0237f70c24e0232e8b7e0e12953a36,SP,537.18,1,2785
a629686911e06a8876b4b570375c1710,PR,537.16,1,2681
f4e1e1a718f0175a94e3afc20da813d7,SP,537.0,1,2765
f7a491b924e343625fdf0e87ed85b235,SP,536.3,1,2701
881cde96227ba4ff44f52daa470b497a,PE,534.74,1,2692
314632660519234734d08119b95cf15b,RJ,534.46,1,2753
2186cc784d9f14d554281e29f7a66362,RJ,533.49,1,2735
f352c906cb7fc6cd2a5c6418dae23102,RS,533.45,1,2668
ee63ead077f35287196d7dd30bbcb05c,SP,531.73,1,2675
1b9926221e65a2fb5b82b1dc60fa866a,RJ,529.76,1,2698
aab60551b0c17b5dd31690b0d1bf3911,SP,529.35,1,2788
806f7c1753a3be75c708138b58666ea3,PE,528.77,1,2826
827527fc23866f028badc583e4778cf5,SP,527.79,1,2793
313480f1bd1a0f065a2f5772713b6091,RS,527.57,1,2758
74c8a024a6cee2c76e1c680e2dd69812,SP,527.23,1,2672
0d0590bc20e9fd71eb9d0eb72ea7329a,PR,526.3,1,2787
37f1edfd21ebaf9902cfaf468d72d4a1,SP,524.86,1,2721
5f816233eb2322dd00015934ff84693c,ES,523.72,1,2678
845b824eb080c574067dc1f73e58e09e,RS,523.23,1,2678
71dd1c2bbcb2590101080d3921cfc540,SP,522.74,1,2740
12c72c83c8598e9978e923c0b39d8077,BA,521.64,1,2818
81375b1d0de1916253f403aafdc810a7,DF,521.56,1,2754
0096dd625383caa8afe2c028018bf4ce,RJ,521.37,1,2787
b6debdaf65d20e037db74e2d1c66e22b,MG,521.37,1,2800
fc8d128a358eb85b316708c1a0fe0cd7,GO,521.37,1,2799
77d9b095e49c4e2e9dc30044047e4295,RS,521.37,1,2823
355e76c739f0764ef68efe0ad8ef6150,MG,521.37,1,2787
107148803b5e770ccca1b67d6f3a2d9c,SP,520.96,1,2795
31f52a0666897583ffda8c05eed54aba,PR,519.89,1,2728
52ea3af8cfa23076f574fe22f73e47ee,BA,519.84,1,2827
bc54266131e8deb8c73bd11b883f0f86,BA,518.98,1,2707
b28927af041ac988a6e3f7bb60d9bc11,RS,518.93,1,2824
8d40166f2db2f946bd75da94411e65c3,RJ,518.38,1,2802
709cc21d90b1c1afba62d1bec7d2761b,RJ,518.25,1,2829
a1c4fffd5de4478c21989bd29f9a4aa4,RS,517.7,1,2715
a71ca7819482e010ceeaf3c942577f94,SP,515.93,1,2788
72fbfb632e6357d45a3a96a755cfd9b2,RJ,514.63,1,2725
fa7d373af2df6d171c0467802e38bbaf,RJ,514.15,1,2657
086f4c21c13b95fd8ccf0df6bc676e22,RJ,514.11,1,2721
b1ed30407bcc491702594654edf43c48,SP,513.22,1,2779
5208bc819705e0534b2fed7c71f2a27a,SP,511.76,1,2744
7f34b35a198ead098d27d13705f084e2,BA,511.42,1,2661
bce3bc82cb047d24c50593f9e70240c6,RJ,511.23,1,2691
a8e0a1db9067553bedd48e45e9d20320,SP,511.02,1,2727
e60df9449653a95af4549bbfcb18a6eb,PR,510.96,1,2647
3ecdd7c90e5fd549474281af8f9e0bbc,RS,510.3,1,2767
0a59f8ef2c08c550b607e7a5b71c754e,RS,510.1,1,2742
9f9e0ccba7c167dfe7736dcc9a703f8b,SP,509.36,1,2758
3a505956060a57454bb85ec3b62faa9b,MG,509.2,1,2817
7d6a0d2bc3cd8656c1be4de50b4d73d3,PR,508.38,1,2808
a60b063f8b715db294b889eae5acb4b6,SP,507.84,1,2824
43204f0e1f4bf07cb995be5597dae27c,RJ,507.76000000000005,1,2802
6a57b4cb07a55977a176d4a30a882082,RJ,506.97,1,2728
336fbae7f609704cbff29abfa3c5cf87,SP,506.48,1,2732
6624813688ccf41b6807e77a9f194c2b,SP,506.46,1,2666
ce0464d16964890124610cd20d584588,MG,505.5,1,2705
e727269b32ac05dda1a8ac1a8144b288,SP,504.32,1,2749
c162bf3f0e129a637a3a63caaf4d17fc,SP,503.28,1,2739
b15ae4b21fc9d8d66abc3083f1f6465d,RJ,502.27,1,2663
26495cdb066f046945177209f10b67fb,MG,502.12,1,2689
174ab3e10eca3720a1690756f6b9a41e,SP,501.78999999999996,1,2813
4d2219481428c1004c9275a686169e01,SP,500.75,1,2675
1fa70ec76b78a75a9d0127b26d5095b6,SP,500.17,1,2676
200b152d4fcc6b4fba34c286b4c83a17,GO,499.69,1,2829
0d161cbc6e76ebb664969c45a8ef1862,RR,499.52,1,2730
5352d7b0e81c3b107191e70df710c5c5,RJ,499.5,1,2774
8c9b0172c7793cf0798ce58ee3bfb94b,SP,499.4,1,2752
4c641eb5ac1a5a0becc4610f1084125d,SP,499.29,1,2753
5207b0ef4cd1e2df50d660995a6ca90d,SP,498.2,1,2715
c4357c0fbb69c53822f3690047baa057,RJ,497.54,1,2676
448945bc713d98b6726e82eda6249b9e,SP,497.25,1,2647
4d95310e7834918e1575b9e9e456bafd,MG,496.8,1,2797
7197a7e7977ed02ce5e53c8a46818808,RN,496.44,1,2710
2896fdb188d66ea9a9118e5c7cb62ec3,SP,495.93,1,2682
f0e410f972fff0c19ee79af9a33705eb,CE,494.93,1,2822
3d79e35468914192eb3d1b15687d34a4,SP,494.47,1,2788
c3b225d6f5e918b9fe48254413e27ba8,RJ,493.93,1,2768
0a056fbf5454d67770ff0787b3235200,RJ,493.63,1,2710
dfca6da6e209a7dd53a4d43036e8288a,SP,492.21,1,2824
0c2c4e24715435524ad8df79a4ff9c39,RJ,492.08,1,2814
4fa80c5dc3ee4b69457bf4ec5c091d2f,SP,491.93,1,2825
e8d469267909af4c76fa317649c3d860,SP,491.69,1,2666
0a924ae136218f3bbed75d78458c8589,ES,491.41,1,2829
3d883de9a4faf6957ea47bf4df0bbc12,BA,491.37,1,2771
6631d7b1ff0c8eea33d294ca4ec2a2c0,SP,491.26,1,2726
8488a16c79a62c2f70d4d93bf15ae67e,SP,489.9,1,2651
30fd14d9842e9fb42872f7c73b77e589,PE,489.83,1,2792
0a2fb338be75030ed18b1c9073863abb,PR,489.38,1,2724
cefbe92afc1f162d27509c145d1614e0,CE,488.6,1,2709
e11c730c457430e605b6c782f3c9f4f2,RJ,488.15,1,2810
517e6cf696b0918c31f1ab6b2be74f6d,RS,487.38,1,2788
4cad15d0f25fe2fee5f6b3dee45b8d4c,RS,487.27,1,2738
7852374b87ec17bf7fb1fb0aee3b9a43,SP,487.16,1,2804
74b207275c96418c3b8cf697b75db94c,SP,486.86,1,2803
4c95c6380e5b2adc0138b618e6e53bc4,RJ,486.45,1,2772
21f5fa238d74db2e4dfc38d2e6d4bf94,SP,486.24,1,2793
205f0ff8598ac037f52616b3edf13337,CE,485.34,1,2736
0dc788e30451d4766e5563f1686d9fc5,DF,485.23,1,2813
30475771653cbc88a01817e3af381214,RJ,484.65,1,2752
e43b95f764795eaeffe034fbce2b4070,RN,484.09,1,2684
45f294770c10f58eec67ace0aac0cc5c,PI,483.87,1,2786
17366be29e9b9f1d0a010264d2cd704e,SC,483.09,1,2671
3918845c74432dcada4d2f437df6db3c,SP,482.71,1,2813
2cfefc9a6a972224d0e4a6a1363dfc18,MG,482.6,1,2658
a75a97cfc2467469a68696f39f22b866,PR,480.12,1,2792
9784b266de1f40b40b32233bed70b3af,RJ,479.79,1,2810
e7ba6d56b812cb7e8c4a285d95f4e476,SC,479.7,1,2782
2bbb7f863b68ba0f0e2bc78ad1a6a902,RJ,479.22,1,2694
194022ce695cffb81d8a6aea3c050fbf,PB,478.14,1,2667
494ad8c19f34aeb9220db18e7a03b63c,SP,477.71,1,2829
5fee696482bd8b0db6cb196b33e5addc,GO,477.61,1,2827
3f0ce4e8579d852bd56ab8bbe66f1870,RJ,477.32,1,2665
da415e0250d0996188ae352d6cb4bd00,SP,477.09,1,2731
5bbaf8d6878b9390faf46766c2efbdfd,SP,476.66,1,2718
3c008d3dc45ecee73703f2846ef4cf33,RJ,475.95,1,2829
5165c38d7d20178e3fbc5cbef1961cf7,ES,475.02,1,2732
dca3dc559819d879e32ebd56aa38466a,RJ,475.01,1,2829
bf7829c59bdda3409fdb934815d53836,MG,474.98,1,2702
e0ce7391d9564824f77eca9c2c99f1bd,RJ,473.81,1,2808
91f797f3971210009f7b9261a82b8939,MG,473.78,1,2821
089b4797064af9e8aa2cce7f5d444cc2,SP,473.4,1,2717
d79f4a65ae3208f10ffa62977683c546,MA,473.36,1,2734
f87b752f04715b171d9fae7d337ac078,MS,473.36,1,2752
f41ab93e419520367c77c34a6d95c750,SP,472.88,1,2683
e43a8c4a2cacc15e45d6a73beb2ee7e8,SP,472.8,1,2669
894202b8ef01f4719a4691e79dd24c17,CE,472.72,1,2737
8229f2587547772e502374973b00ae95,PR,470.95,1,2719
db413ec55ca6ad5b093d08c564cf9a9a,RJ,470.55,1,2662
dc014c2e4c6478e34deec3e0031680ee,SP,470.06,1,2670
c43d5d2a7d4df58b70792e618cdf7628,SP,469.6,1,2806
b4ed1c11c23a299162324b493730eb52,SP,468.94,1,2718
86d7e0b2821894373d67a03352affdcb,RS,468.69,1,2740
a513a3299be4497003e220b158d68735,MG,468.53,1,2821
0687adb7abd672624e9c4ba569cf0ac2,PR,468.24,1,2711
5e3abd6568fe73ab6e644148e7312457,SP,467.24,1,2751
4329270d33802c9f689343632c54d1c2,DF,466.45,1,2750
023f52d000d35a9fa8f4dad675c5e080,SP,466.16,1,2828
7f02c20203014a47e92e9b60eee0d4e3,ES,465.69,1,2676
feaaf94060f1f0d959576368072a8748,SP,465.4,1,2761
11653da9bd935f545a6bb58b7dc41d99,RJ,465.27,1,2775
4c7f4eb90b99e99875f73b829f63f892,RJ,465.08,1,2768
8d703a4c0190b5916ddf0a85a9a87552,CE,465.0,1,2822
ad5b13bf0d52d34619b22b66ef348361,SP,464.95,1,2781
d5da921c053c5be5b56d704563f216d9,SP,464.58,1,2773
903f32aafd0c0b8f44467b505107d153,RJ,463.71,1,2679
25631315ece1d1541fbede2ef9b2b379,RJ,461.99,1,2768
9dba33766e5d1426fba004cea912b1f6,MT,461.65,1,2753
75e24b01d5409e9dad63427695e0ed0d,SC,461.25,1,2724
f1910223d0338fc32ac29b542ade28a6,SP,460.87,1,2720
338fc8ba6c3d41250661f6381f171c4d,SP,460.61,1,2729
016b15d60fe523cbfb8bda340e0cd769,SP,460.61,1,2738
c8b2ae2852e70c98109dc79300214954,MG,460.61,1,2729
62e31e8f94b7e3568fbb38530165052b,BA,459.92,1,2662
e5808327e7eec4417271ef55a0fc34cc,RJ,459.69,1,2789
158b190d9d408492b1a819f746a2fe4b,BA,459.64,1,2800
0be97ebc9313a86e02d3b7cdd7e5f1a6,RJ,459.63,1,2677
c7320b8fc56f8f25784540a86a6e3ca1,PE,459.12,1,2775
cbfa8d4b6563cb9f871f7f5412ebf9d9,DF,459.05,1,2772
b4431c0d23dfe71e608a3e723ad5c1a0,MG,458.38,1,2761
682817ae077752556ee94c28ce0ce5a7,RS,457.95,1,2729
428b0360100fc4c328adc7773313cf2b,MG,457.83,1,2757
637b0c3ee412e09ba5e46702af44ebf1,CE,457.64,1,2731
a7bf5e6fa311950360efc620e590fa74,SP,457.38,1,2679
90e7af04b062293612daafa7b0ecce5c,SP,457.08,1,2791
cef4764b4390fa072851cb108ed91f35,RJ,457.08,1,2813
25bd150ede65776445aa57a87edeb980,RS,457.07,1,2725
6cced5e0fc9f4d0689d8e4d9906552bd,RJ,456.95,1,2712
fc0505a97dd36f988806bba5178aef83,MG,456.91,1,2718
d3ecf0664acdf35f6e78389ed3e223f0,SP,456.77,1,2770
0c920439841ba80f7c336fca333837fc,SP,456.33,1,2767
6c1e92a209dbf868706caa831090941e,PB,456.28,1,2812
8e3d0b8d1eadcbfdfcce1672e70c3ca8,MG,455.83,1,2684
ae243ce244bd96b2ab128159a9d77b3b,MS,455.52,1,2736
0b979f50eddf18236ac7b2174d4e9d00,PR,455.04,1,2792
64f0b080a4adfff11a2ccca4b0e25fb7,RJ,454.95,1,2757
e4e5ff953eaae46ad6d35088e9db153f,RS,454.76,1,2728
9885e4e630af4b7352e0a32a7a05bb21,PE,454.34,1,2796
f0c28fc86c8f71812a74ea225c8fda1c,SP,454.31,1,2779
1935e37c616650cc67f6770bd847a397,SP,454.17,1,2759
7d68e1861e0a36c2876e702fec92adf0,SP,452.59000000000003,1,2657
64071b76b477a3abfeee800af096db82,SP,452.47,1,2676
6b90b6b48d55aa6fa6e3f9e9c3f04881,SP,452.41,1,2749
ccf83513ca9850bd456ddcf6ac3bc643,SP,452.1,1,2770
24b168407182b01edc578f21c2dfb981,BA,451.94,1,2757
07baee9bca216c9d7038531952346682,SP,451.88,1,2737
f1c8bca25ab72158e4721761b51d7256,MG,451.13,1,2806
864afb5de2284946f98039d795cd65c6,SC,450.89,1,2768
3c3652ffccad55c942f2f2f2f67a6d78,RJ,450.76,1,2822
bd51c278b0216610c52631720f4e87cc,PR,450.39,1,2799
c3fd6b5ceb88dc05412c8419f98c7779,RJ,450.1,1,2719
b87e0079d0d0c17a5ce63aadb9eae6d9,SP,449.99,1,2660
8ec4b63dbcfae91e3f55e7a10bd54ea7,MG,449.84,1,2708
0d411936b4da908edc171b0ab99589c5,AL,449.49,1,2802
7002fe95ed18aaec48a31ac846ccefdd,SP,449.01,1,2749
652dd9e1eab2777d504a091894b1d2fe,SP,448.91,1,2706
7526d70ce84a55e4f85d4b39e91e2ac7,RJ,448.71,1,2781
feedd5ec61cfc3b216599c09345069ce,MT,447.68,1,2676
ff590ff108857c7fab00afa99366dcec,SP,447.62,1,2657
6193fa614660cd7f70cb2f152e4c73a2,SP,447.0,1,2822
2572738e77279aaac9c5c15620166859,RS,446.22,1,2741
dc66ab9389433904b412c0f0b4e14363,MT,446.2,1,2727
98910418a06188d89fe89354cf41ccd7,SC,445.87,1,2781
c0982cbfc1f224dc1db422f982f4376a,ES,445.65,1,2775
8366f6a3bb6a89d07739536e2005cf24,SP,445.45,1,2761
b6c167bad6415d0e6854e26609ac9200,MG,445.22,1,2795
8514e0aeceab9ef5bc9c2e86392cd6e6,PR,445.19,1,2684
152d5eeccb9cbfd05ed8ab2395a14b66,SP,444.54,1,2783
691207b664ec61cdc55704a1cfba86f0,BA,444.1,1,2825
52355108e4be826613b0d8dac622003c,PI,443.85,1,2817
5a2a027db93ee7ca12f71003b0fd98b1,CE,443.85,1,2774
c747a54b89b53e15bef33f5d55fe2a6d,SP,443.77,1,2685
989f677f902616c785e3681d2fe63b75,SP,442.63,1,2675
a7efc7f9a3444cd0b3d780d5a060b2c6,SP,442.63,1,2677
98dbd4d2aa22a4b4a06bf84781432636,PR,442.59,1,2666
86b2f5f050ab62aca0e610712f13a54a,SP,441.11,1,2726
aeec91875fccf4f111dfb8ebddb601c8,SP,440.17,1,2661
e47491820a6834b23c543d50adb9c7bf,PE,440.12,1,2828
2f12998d5a7beeabde7287c051eec9f0,GO,440.12,1,2669
2519d1ee05255f59ce3859c02dca3d6a,SC,439.68,1,2696
2c43a6fffc3a68aad4428f6bdbfec1e3,SP,439.41,1,2717
1b866cf3a2f6c85e99d9b07c73951689,DF,439.05,1,2774
c64bf0daac8cbcf5e6fd306729bd9dc5,SP,438.51,1,2787
a00cedaaa02a3875ce936ecf15c567b9,BA,438.48,1,2734
ba84f5aea90fa9fb6db4fdb90cee0692,PE,438.4,1,2671
3b6c1300a15f16c2097081156eb8355d,MG,437.65,1,2752
270fe2e2b99558686ef8e9ad5aa45487,PR,437.36,1,2783
ed98488aa6e937952b6717bc933f0d70,RJ,437.33,1,2670
b35dfa7dd3de3e852a60448604e9800e,SP,437.24,1,2716
33e66871536941873f7c041f120012be,PE,435.93,1,2667
e019d63b966a3bfe6a48c383e6a1a006,SP,435.64,1,2800
41af2419322c61f51788df38ec8a41f7,PR,435.6,1,2663
b078a7c9a43c06c915270648b718d931,RS,435.57,1,2828
c55e53a071e7aa2413545c5f720be9b5,RJ,435.45,1,2820
5e803527043cd38c7251bafae98f77ab,SP,435.44,1,2820
7dcd626576af9555424051dbdb01cb5a,TO,435.27,1,2726
53e10cb176c40df632c8250f2f3e5880,MS,435.23,1,2674
7ff0e2983908917cbd12217e27b6dfdb,SP,434.98,1,2713
dbcefd1a7ba4bc8b7aff36b386e0cc72,SP,434.92,1,2764
d88f20937a8d704e02baff7b2f681828,SP,434.49,1,2767
ff73a759cba534dba02faaffdeb00e61,SP,434.24,1,2820
c06248fe42ae3ccfa4719e48ffce66ab,SP,433.57,1,2791
401dfc928a236545996d042beb1bff83,MG,433.46,1,2771
d5b976444c9257b13cf100dd0933cff1,MG,432.7,1,2669
8e72dff17f5a60442bfeb33745875e05,SP,432.48,1,2807
869619cca057d589916befa7d5c6a04e,RJ,432.21,1,2766
51436e563c50b518d0ca230003396172,RJ,431.62,1,2829
990b1c66b713835e721b5895ce2ec43f,PR,431.58,1,2757
dd330df40b83abc9645d38fe5e56ac85,RJ,431.5,1,2826
3b2888c34f60f3aa6d7cb2227f61ae79,MG,431.46,1,2770
32b6e75467a383fecae5655d01dfd92a,SP,430.96,1,2755
2c24d7d6e7ef2aac9dadd2152b12e072,SP,430.53,1,2725
d9abf57c9a7f1cd9865625d2cba96053,PE,429.64,1,2675
bddfce786b61788648666c87e2b309c0,MT,429.31,1,2766
5cf67e8b0f3046587f30daa2ae1c3e69,MG,429.09,1,2671
06ebadeeb0acfedd1526d66bfb71b061,RS,428.91,1,2685
d11d8aa3c8a3d6dafd592452eeb3a246,SP,428.78,1,2825
5f48af50fd9393286c1016a7e62bcc1d,PE,428.58,1,2727
912bee72812fad679d82c1178f108ae8,RJ,428.32,1,2767
690f0d89fd8b50197bc81fb97fd89241,PA,428.19,1,2773
7facbda9c585cd9ba754839db71cebf1,SP,427.77,1,2745
971f335f648423cc90e1110e518de75d,PR,427.23,1,2748
0ca32b1a389a605851fe2da8b0e2420f,SP,426.96,1,2820
0fbd856ba1d4961786fb54bd448eb7fe,SC,426.7,1,2798
c13a16b27894556b40c34b7e5770f679,SP,425.4,1,2763
935eec8cdbe14580cc3f02f7098b7f87,MG,425.06,1,2677
0a389ea18d794fc404c7bd3ae4b7cdfe,SP,424.57,1,2795
bb16eb9b2572c004cc5eabd905ff5c74,SP,424.4,1,2803
b7afbfaacf57875386434a2830492f10,SP,424.22,1,2688
b7ee9b824b4a83b389379ac70585bf3b,GO,423.67,1,2694
dce86563857a5b7113eb74dc94d07fce,MG,422.59,1,2689
dafe240fa4132e5da366caf9f6f9caaf,SP,422.48,1,2666
246d1b806d240465bc8c33f4d80eb4c3,SP,422.47,1,2685
41358104f08cf88114e435b984b5593d,MG,420.86,1,2710
8f7b448c7e06e94cbc038d48d92e332d,GO,420.76,1,2768
606a373040ab8900cd368e44e6a7bb9b,MG,420.68,1,2755
b0cef3a2a5a906f037086d9887793a27,RS,420.62,1,2828
89d28a697e06293780823541368c0025,AL,420.29,1,2666
a7ab0106cecc1a6a3a73465346876ea0,MG,419.92,1,2730
dd03475bfbf54191e01fd42f57d342ef,SP,419.79,1,2675
1bb5205b5301fb7f65cb391f83869615,PR,419.67,1,2822
030132d171907b3b3c813909fb0cac90,SP,419.67,1,2803
2430ad4b1b6efb56cf3050b5d3cf5e54,CE,419.39,1,2699
400d5d5faea0c6f2ed476d635680373e,PA,419.39,1,2675
c8b49d3cef4ddd3164f67ae9794b3fea,RJ,419.35,1,2791
36a3394584b33ee1ba736b14a8a6c307,CE,419.34,1,2760
58ffe52cbd8077e75af00321bd152ce2,RS,419.12,1,2728
01f57b226a3850a260e40698c2bd2fd6,GO,419.03,1,2710
e7d9c6487ba15bee967f0f1305c75c8b,BA,419.03,1,2803
80b39f9a692035c0d939375242786129,GO,418.9,1,2683
098dd85ba7d190a7ac3f80a3e6a12b93,MG,418.75,1,2727
810aa131ec726be20478b44bae2d8934,RJ,418.22,1,2768
f1a1772548b4c5024ef6bfad4a24d351,MG,417.23,1,2825
37b845ee1198626c1545c4b81f591960,SP,416.86,1,2700
ac1fff69bbed8bc328508d6f18dc265f,SP,416.64,1,2767
0c1afa15fb6abdf5203bfdc005ececed,MG,416.56,1,2828
bd574aa2df7e753d954064917212f352,SP,415.94,1,2672
97a0e2c05d5882609289a1816e234ba0,SP,415.94,1,2669
ff20530ce012df37828978c25f3dacac,SP,415.83,1,2823
4c529f790c9af49f184fc36151d28dcd,SP,415.45,1,2714
fefe47950f42fddc66afdf7315a36dae,RS,415.32,1,2744
4a422428ff8372bc3413942eade34b96,SP,415.02,1,2750
24d30bd6b3b091d24728c9ae06b02b05,PE,415.0,1,2705
1f4ee0a526add149673b89204cc86155,MG,415.0,1,2753
7c2bf05f6902368e5d21040b68c2bbdb,SP,414.97,1,2710
f87a76e2c1f35f26284d68c4700f185b,PA,414.46,1,2675
261c8817697d0a60fea72f6cca043535,MG,414.4,1,2761
ed7851a33e02f8d182f119964879c111,SP,414.08,1,2789
efddfbc145b918ff26003947b617fe70,ES,414.04,1,2694
fcb92cb7bc58b2094b53728ccceab668,ES,413.81,1,2731
5928ea9c80d9614d8a17a6e4f13de9ee,ES,413.58,1,2651
fdb50c069d85c482f1ecfde317595741,PR,413.53,1,2722
d1d8f6f3210077720e90daf13b9e3481,MG,413.47,1,2808
0a884d4b833450da796608869e509d8b,SP,413.17,1,2689
8cd60b7cabe05795e02382b0a522e2a9,SP,413.02,1,2754
995463cc3940449ac2e89e8f9df06d10,MG,413.02,1,2823
5a5665a088424b8a6393ef403bbef479,RS,412.96,1,2715
26e3f149ebb280f754d415146ab0ca52,PR,412.73,1,2755
df7429c93b45154990b9a0d40ada45cb,RN,412.43,1,2742
1cf37610a6c6757a56256e4321283db8,SP,412.42,1,2754
a8a46b431d3684f3692579dbd45dcc9d,BA,411.98,1,2679
1c6669022d784934e20b9378fb8fff57,PR,411.76,1,2809
6887855de82e990aa40afea563f79b83,SP,411.16,1,2739
0ea688ce531f269e58b0e4a9e81a16a6,SE,410.93,1,2685
4622dd3775c03fcbaa3d4050ab4b0343,AL,410.91,1,2661
3de54af5bcf3d0ec23cb153a187c9f3a,RJ,410.91,1,2694
237273539d368eeaee7e513ac0196f65,SP,410.9,1,2781
185c0ab94dcd0aaf2b9f6f0b1424527a,SP,410.9,1,2745
ff34f9709f14bcc2edb11bcf86941751,RJ,410.78,1,2777
895952418c8f2be215990f18e2eba574,MG,410.51,1,2753
0561cee0e208939ff198184d3d7bd9fa,MG,409.5,1,2757
73d09f34ade23726e0b2388af3b357e4,PI,408.97,1,2736
b008592aaf5565d7b24c16d319c278a7,BA,408.9,1,2822
31f7caf6048c2812f46119498a28d6d0,RS,408.82,1,2682
417c7df70d52762bbbf1907911c901cc,SP,408.79,1,2654
0c807ffdeff9540b5a33d0fbcaaf07e0,BA,408.49,1,2765
0de2b9f7ad57e55cd92ba2d0a9585e49,MA,408.09,1,2683
21026fe7ad0685000278df7ac7f6ca7b,SP,407.88,1,2805
919898139ad85605b36f05302f908a95,SP,407.8,1,2726
c440fc4fd60fd9083395f183aada6d4c,SP,407.68,1,2662
d1578919c3fcaa8b8e5b4e43019af611,PA,406.6,1,2719
c5a92db38654f2f74f3983d03661e8ad,SP,406.26,1,2760
c5af0a7b53ebe8aebb64d09a25639352,GO,405.69,1,2703
80154943c28a0eab327467d6731a5b28,MG,405.57,1,2723
197ffb8ce85a690a24881fa5353411e6,MG,405.36,1,2714
3ff4f431d869003febc2f46b985d16e3,BA,405.33,1,2765
cdd964d7aba86669bba2a25675fc22a9,SP,405.31,1,2767
fe886eb588842ffebbe5af67cb142a9b,SP,405.26,1,2770
e6b233097521bf30700128ee0c424a5f,SP,405.14,1,2806
2f51a7d835dee9667b44d77285d61630,SP,405.03,1,2675
b0427d63199cb18df25a51a0ade423e2,SP,405.03,1,2715
6e2243e81dfbcf77269277d8b90834ed,SP,405.03,1,2724
a6704229ee78d78d49f01d64cc546bbe,RS,404.72,1,2711
4e91e8b56d8681a7002d2487ca151c92,SP,404.28,1,2723
1f72dd32d17ef87a76bb334c45094010,RJ,403.8,1,2700
70ff28da691fcd6722d037a4eeee3bd6,CE,403.62,1,2809
42a590bfe92d2f0cb99de166f801cf23,SP,403.42,1,2756
23a9e5fb434a3b654f4195d3e856d79a,SP,403.26,1,2675
ccd36c540240c744dd26146ce739e082,SP,403.25,1,2651
148d65cf58e13521241d8f9206ee1348,SP,403.0,1,2702
d0e6cb83a3fc27f56be011b2941f54c6,MG,402.49,1,2738
cb1464f824efabfa180464dce2bef689,SP,401.64,1,2655
e7e7963971d6cf0b45ddb9c6fbe9fdc9,RS,401.63,1,2802
a6b9a70db44eaa219a43483a0c4df5eb,SP,401.3,1,2827
a96aebd402f8c5f3993d287efb9154a5,PE,401.2,1,2706
b8458ef1e6b3b16e7cf526b9669b98c4,SC,400.03,1,2728
1d8d049d2320a51520300f4b41dae8f8,SP,399.95,1,2815
